manufacturer,category,model,part,part_category,url
JCB,Excavator Parts,JS110,500406180,Bolt,https://www.urparts.com/index.cfm/page/catalogue?part=6
JCB,Excavator Parts,JS110,208005100,Bolt,https://www.urparts.com/index.cfm/page/catalogue?part=3
JCB,Excavator Parts,JS110,500406140,Bolt,https://www.urparts.com/index.cfm/page/catalogue?part=5
JCB,Excavator Parts,JS110,108064650,Bolt,https://www.urparts.com/index.cfm/page/catalogue?part=2
JCB,Excavator Parts,JS110,500408160,Bolt,https://www.urparts.com/index.cfm/page/catalogue?part=8
JCB,Excavator Parts,JS110,208006120,Bolt M6x12,https://www.urparts.com/index.cfm/page/catalogue?part=4
JCB,Excavator Parts,JS110,108064500,Bolt,https://www.urparts.com/index.cfm/page/catalogue?part=1
JCB,Excavator Parts,JS110,500406250,Bolt,https://www.urparts.com/index.cfm/page/catalogue?part=7
JCB,Excavator Parts,JS115,LZM0337,Plate return,https://www.urparts.com/index.cfm/page/catalogue?part=16
JCB,Excavator Parts,JS110,500408180,Bolt,https://www.urparts.com/index.cfm/page/catalogue?part=9
JCB,Excavator Parts,JS115,LZM0345,Plate,https://www.urparts.com/index.cfm/page/catalogue?part=15
JCB,Excavator Parts,JS115,UBJ0384,Plug,https://www.urparts.com/index.cfm/page/catalogue?part=10
JCB,Excavator Parts,JS115,UBJ0373,Plug,https://www.urparts.com/index.cfm/page/catalogue?part=11
JCB,Excavator Parts,JS115,LZM0336,Spring,https://www.urparts.com/index.cfm/page/catalogue?part=17
JCB,Excavator Parts,JS115,MPV2193,Adapter,https://www.urparts.com/index.cfm/page/catalogue?part=12
JCB,Excavator Parts,JS115,LZM0333,Plate balance,https://www.urparts.com/index.cfm/page/catalogue?part=18
JCB,Excavator Parts,JS115,LZM0346,Plate lining,https://www.urparts.com/index.cfm/page/catalogue?part=14
Ammann,Roller Parts,AV 85-2,ND112530,ACCESSORY,https://www.urparts.com/index.cfm/page/catalogue?part=20
Ammann,Roller Parts,AV 85-2,ND065473,ACCESSORY,https://www.urparts.com/index.cfm/page/catalogue?part=19
Ammann,Roller Parts,AV 85-2,ND111895,ACCESSORY OF FRAME,https://www.urparts.com/index.cfm/page/catalogue?part=21
Ammann,Roller Parts,AV 85-2,ND108073,ACCUMULATOR HOLDER,https://www.urparts.com/index.cfm/page/catalogue?part=22
JCB,Excavator Parts,JS115,MPR2006,Washer Special,https://www.urparts.com/index.cfm/page/catalogue?part=13
Ammann,Roller Parts,AV 85-2,ND112082,AIR CLEANER,https://www.urparts.com/index.cfm/page/catalogue?part=24
Ammann,Roller Parts,AV 85-2,ND116131,AIR CLEANER,https://www.urparts.com/index.cfm/page/catalogue?part=25
Ammann,Roller Parts,AV 85-2,ND117946,ARM,https://www.urparts.com/index.cfm/page/catalogue?part=27
Ammann,Roller Parts,AV 85-2,ND064395,ADJUSTING SCREW,https://www.urparts.com/index.cfm/page/catalogue?part=23
Ammann,Roller Parts,AV 85-2,ND053049,ANGLE IRON,https://www.urparts.com/index.cfm/page/catalogue?part=26
Ammann,Roller Parts,AV 85-2,ND031823,ARRESTMENT,https://www.urparts.com/index.cfm/page/catalogue?part=28
Ammann,Roller Parts,AV 85-2,ND096329,BAR,https://www.urparts.com/index.cfm/page/catalogue?part=33
Ammann,Roller Parts,AV 85-2,ND111958,BAR,https://www.urparts.com/index.cfm/page/catalogue?part=34
Ammann,Roller Parts,AV 85-2,ND115029,BACK STIRRUP,https://www.urparts.com/index.cfm/page/catalogue?part=30
Ammann,Roller Parts,AV 85-2,ND115010,BACK STIRRUP,https://www.urparts.com/index.cfm/page/catalogue?part=29
Ammann,Roller Parts,AV 85-2,ND091289,BALL COCK,https://www.urparts.com/index.cfm/page/catalogue?part=31
Ammann,Roller Parts,AV 85-2,ND093192,BALL COCK,https://www.urparts.com/index.cfm/page/catalogue?part=32
Ammann,Roller Parts,AV 85-2,ND065143,BASE,https://www.urparts.com/index.cfm/page/catalogue?part=36
Ammann,Roller Parts,AV 85-2,ND111968,BAR,https://www.urparts.com/index.cfm/page/catalogue?part=35
Ammann,Roller Parts,AV 85-2,ND103588,BASE,https://www.urparts.com/index.cfm/page/catalogue?part=37
Ammann,Roller Parts,AV 85-2,ND068978,BEARING,https://www.urparts.com/index.cfm/page/catalogue?part=42
Ammann,Roller Parts,AV 85-2,ND068761,BEARING,https://www.urparts.com/index.cfm/page/catalogue?part=41
Ammann,Roller Parts,AV 85-2,ND054336,BASE,https://www.urparts.com/index.cfm/page/catalogue?part=38
Ammann,Roller Parts,AV 85-2,ND068770,BEARING,https://www.urparts.com/index.cfm/page/catalogue?part=44
Ammann,Roller Parts,AV 85-2,ND111733,BATTERY TERMINAL-,https://www.urparts.com/index.cfm/page/catalogue?part=39
Ammann,Roller Parts,AV 85-2,ND111732,BATTERY TERMINAL+,https://www.urparts.com/index.cfm/page/catalogue?part=40
Ammann,Roller Parts,AV 85-2,ND068781,BEARING,https://www.urparts.com/index.cfm/page/catalogue?part=43
Ammann,Roller Parts,AV 85-2,ND107424,BEARING,https://www.urparts.com/index.cfm/page/catalogue?part=47
Ammann,Roller Parts,AV 85-2,ND068771,BEARING,https://www.urparts.com/index.cfm/page/catalogue?part=45
Ammann,Roller Parts,AV 85-2,ND068869,BEARING,https://www.urparts.com/index.cfm/page/catalogue?part=48
Ammann,Roller Parts,AV 85-2,ND078404,BICYCLE HOLDER,https://www.urparts.com/index.cfm/page/catalogue?part=50
Ammann,Roller Parts,AV 85-2,ND119861,BLADE,https://www.urparts.com/index.cfm/page/catalogue?part=51
Ammann,Roller Parts,AV 85-2,ND068784,BEARING,https://www.urparts.com/index.cfm/page/catalogue?part=46
Ammann,Roller Parts,AV 85-2,ND063731,BLINDING PIECE,https://www.urparts.com/index.cfm/page/catalogue?part=53
Ammann,Roller Parts,AV 85-2,ND068886,BEARING,https://www.urparts.com/index.cfm/page/catalogue?part=49
Ammann,Roller Parts,AV 85-2,ND107208,BLEEDER VALVE,https://www.urparts.com/index.cfm/page/catalogue?part=52
Ammann,Roller Parts,AV 85-2,ND054074,BLINDING PIECE,https://www.urparts.com/index.cfm/page/catalogue?part=56
Ammann,Roller Parts,AV 85-2,ND118134,BLINDING PIECE,https://www.urparts.com/index.cfm/page/catalogue?part=55
Ammann,Roller Parts,AV 85-2,ND115558,BLINDING PIECE,https://www.urparts.com/index.cfm/page/catalogue?part=54
Ammann,Roller Parts,AV 85-2,ND111159,BLOCK,https://www.urparts.com/index.cfm/page/catalogue?part=59
Ammann,Roller Parts,AV 85-2,ND098413,BLINDING PIECE,https://www.urparts.com/index.cfm/page/catalogue?part=58
Ammann,Roller Parts,AV 85-2,ND115872,BLOCK,https://www.urparts.com/index.cfm/page/catalogue?part=60
Ammann,Roller Parts,AV 85-2,ND053343,BLOCK,https://www.urparts.com/index.cfm/page/catalogue?part=61
Ammann,Roller Parts,AV 85-2,ND093200,BLINDING PIECE,https://www.urparts.com/index.cfm/page/catalogue?part=57
Ammann,Roller Parts,AV 85-2,ND067780,BLOCK,https://www.urparts.com/index.cfm/page/catalogue?part=62
Ammann,Roller Parts,AV 85-2,ND090000,BLOWER,https://www.urparts.com/index.cfm/page/catalogue?part=63
Ammann,Roller Parts,AV 85-2,ND021311,BOLT,https://www.urparts.com/index.cfm/page/catalogue?part=69
Ammann,Roller Parts,AV 85-2,ND122697,BOLT,https://www.urparts.com/index.cfm/page/catalogue?part=68
Ammann,Roller Parts,AV 85-2,ND021214,BOLT,https://www.urparts.com/index.cfm/page/catalogue?part=71
Ammann,Roller Parts,AV 85-2,ND021294,BOLT,https://www.urparts.com/index.cfm/page/catalogue?part=67
Ammann,Roller Parts,AV 85-2,ND021312,BOLT,https://www.urparts.com/index.cfm/page/catalogue?part=70
Ammann,Roller Parts,AV 85-2,ND090007,BLOWER,https://www.urparts.com/index.cfm/page/catalogue?part=64
Ammann,Roller Parts,AV 85-2,ND021320,BOLT,https://www.urparts.com/index.cfm/page/catalogue?part=66
Ammann,Roller Parts,AV 85-2,ND089999,BLOWER,https://www.urparts.com/index.cfm/page/catalogue?part=65
Ammann,Roller Parts,AV 85-2,ND021228,BOLT,https://www.urparts.com/index.cfm/page/catalogue?part=72
Ammann,Roller Parts,AV 85-2,ND021313,BOLT,https://www.urparts.com/index.cfm/page/catalogue?part=73
Ammann,Roller Parts,AV 85-2,ND024290,BOLT,https://www.urparts.com/index.cfm/page/catalogue?part=74
Ammann,Roller Parts,AV 85-2,ND021307,BOLT,https://www.urparts.com/index.cfm/page/catalogue?part=77
Ammann,Roller Parts,AV 85-2,ND021302,BOLT,https://www.urparts.com/index.cfm/page/catalogue?part=80
Ammann,Roller Parts,AV 85-2,ND024255,BOLT,https://www.urparts.com/index.cfm/page/catalogue?part=76
Ammann,Roller Parts,AV 85-2,ND021293,BOLT,https://www.urparts.com/index.cfm/page/catalogue?part=78
Ammann,Roller Parts,AV 85-2,ND021303,BOLT,https://www.urparts.com/index.cfm/page/catalogue?part=81
Ammann,Roller Parts,AV 85-2,ND024278,BOLT,https://www.urparts.com/index.cfm/page/catalogue?part=75
Ammann,Roller Parts,AV 85-2,ND092562,BOLT,https://www.urparts.com/index.cfm/page/catalogue?part=79
Ammann,Roller Parts,AV 85-2,ND021305,BOLT,https://www.urparts.com/index.cfm/page/catalogue?part=82
Ammann,Roller Parts,AV 85-2,ND021194,BOLT,https://www.urparts.com/index.cfm/page/catalogue?part=84
Ammann,Roller Parts,AV 85-2,ND021190,BOLT,https://www.urparts.com/index.cfm/page/catalogue?part=83
Ammann,Roller Parts,AV 85-2,ND024257,BOLT,https://www.urparts.com/index.cfm/page/catalogue?part=85
Ammann,Roller Parts,AV 85-2,ND024230,BOLT,https://www.urparts.com/index.cfm/page/catalogue?part=89
Ammann,Roller Parts,AV 85-2,ND114776,BOLT,https://www.urparts.com/index.cfm/page/catalogue?part=86
Ammann,Roller Parts,AV 85-2,ND021301,BOLT,https://www.urparts.com/index.cfm/page/catalogue?part=87
Ammann,Roller Parts,AV 85-2,ND024264,BOLT,https://www.urparts.com/index.cfm/page/catalogue?part=88
Ammann,Roller Parts,AV 85-2,ND110232,BOLT,https://www.urparts.com/index.cfm/page/catalogue?part=90
Ammann,Roller Parts,AV 85-2,ND110076,BOLT,https://www.urparts.com/index.cfm/page/catalogue?part=91
Ammann,Roller Parts,AV 85-2,ND024127,BOLT,https://www.urparts.com/index.cfm/page/catalogue?part=92
Ammann,Roller Parts,AV 85-2,ND021292,BOLT,https://www.urparts.com/index.cfm/page/catalogue?part=94
Ammann,Roller Parts,AV 85-2,ND021188,BOLT,https://www.urparts.com/index.cfm/page/catalogue?part=97
Ammann,Roller Parts,AV 85-2,ND092867,BOLT,https://www.urparts.com/index.cfm/page/catalogue?part=95
Ammann,Roller Parts,AV 85-2,ND024235,BOLT,https://www.urparts.com/index.cfm/page/catalogue?part=93
Ammann,Roller Parts,AV 85-2,ND021205,BOLT,https://www.urparts.com/index.cfm/page/catalogue?part=98
Ammann,Roller Parts,AV 85-2,ND021295,BOLT,https://www.urparts.com/index.cfm/page/catalogue?part=96
Ammann,Roller Parts,AV 85-2,ND021195,BOLT,https://www.urparts.com/index.cfm/page/catalogue?part=99
Ammann,Roller Parts,AV 85-2,ND021310,BOLT,https://www.urparts.com/index.cfm/page/catalogue?part=101
Ammann,Roller Parts,AV 85-2,ND024269,BOLT,https://www.urparts.com/index.cfm/page/catalogue?part=100
Ammann,Roller Parts,AV 85-2,ND021287,BOLT,https://www.urparts.com/index.cfm/page/catalogue?part=103
Ammann,Roller Parts,AV 85-2,ND024228,BOLT,https://www.urparts.com/index.cfm/page/catalogue?part=104
Ammann,Roller Parts,AV 85-2,ND021184,BOLT,https://www.urparts.com/index.cfm/page/catalogue?part=102
Ammann,Roller Parts,AV 85-2,ND021288,BOLT,https://www.urparts.com/index.cfm/page/catalogue?part=106
Ammann,Roller Parts,AV 85-2,ND024236,BOLT,https://www.urparts.com/index.cfm/page/catalogue?part=105
Ammann,Roller Parts,AV 85-2,ND021289,BOLT,https://www.urparts.com/index.cfm/page/catalogue?part=107
Ammann,Roller Parts,AV 85-2,ND024124,BOLT,https://www.urparts.com/index.cfm/page/catalogue?part=109
Ammann,Roller Parts,AV 85-2,ND024135,BOLT,https://www.urparts.com/index.cfm/page/catalogue?part=110
Ammann,Roller Parts,AV 85-2,ND025017,BOLT,https://www.urparts.com/index.cfm/page/catalogue?part=113
Ammann,Roller Parts,AV 85-2,ND024229,BOLT,https://www.urparts.com/index.cfm/page/catalogue?part=108
Ammann,Roller Parts,AV 85-2,ND024109,BOLT,https://www.urparts.com/index.cfm/page/catalogue?part=112
Ammann,Roller Parts,AV 85-2,ND024121,BOLT,https://www.urparts.com/index.cfm/page/catalogue?part=111
Ammann,Roller Parts,AV 85-2,ND024134,BOLT,https://www.urparts.com/index.cfm/page/catalogue?part=114
Ammann,Roller Parts,AV 85-2,ND021291,BOLT,https://www.urparts.com/index.cfm/page/catalogue?part=115
Ammann,Roller Parts,AV 85-2,ND021241,BOLT,https://www.urparts.com/index.cfm/page/catalogue?part=116
Ammann,Roller Parts,AV 85-2,ND024232,BOLT,https://www.urparts.com/index.cfm/page/catalogue?part=117
Ammann,Roller Parts,AV 85-2,ND024245,BOLT,https://www.urparts.com/index.cfm/page/catalogue?part=121
Ammann,Roller Parts,AV 85-2,ND024244,BOLT,https://www.urparts.com/index.cfm/page/catalogue?part=122
Ammann,Roller Parts,AV 85-2,ND118421,BOLT,https://www.urparts.com/index.cfm/page/catalogue?part=119
Ammann,Roller Parts,AV 85-2,ND023792,BOLT,https://www.urparts.com/index.cfm/page/catalogue?part=118
Ammann,Roller Parts,AV 85-2,ND023782,BOLT,https://www.urparts.com/index.cfm/page/catalogue?part=124
Ammann,Roller Parts,AV 85-2,ND021296,BOLT,https://www.urparts.com/index.cfm/page/catalogue?part=125
Ammann,Roller Parts,AV 85-2,ND024133,BOLT,https://www.urparts.com/index.cfm/page/catalogue?part=120
Ammann,Roller Parts,AV 85-2,ND021186,BOLT,https://www.urparts.com/index.cfm/page/catalogue?part=123
Ammann,Roller Parts,AV 85-2,ND024260,BOLT,https://www.urparts.com/index.cfm/page/catalogue?part=126
Ammann,Roller Parts,AV 85-2,ND021226,BOLT,https://www.urparts.com/index.cfm/page/catalogue?part=127
Ammann,Roller Parts,AV 85-2,ND021309,BOLT,https://www.urparts.com/index.cfm/page/catalogue?part=129
Ammann,Roller Parts,AV 85-2,ND021308,BOLT,https://www.urparts.com/index.cfm/page/catalogue?part=128
Ammann,Roller Parts,AV 85-2,ND021332,BOLT,https://www.urparts.com/index.cfm/page/catalogue?part=130
Ammann,Roller Parts,AV 85-2,ND110933,BOLT,https://www.urparts.com/index.cfm/page/catalogue?part=133
Ammann,Roller Parts,AV 85-2,ND112279,BOLT,https://www.urparts.com/index.cfm/page/catalogue?part=131
Ammann,Roller Parts,AV 85-2,ND024100,BOLT,https://www.urparts.com/index.cfm/page/catalogue?part=132
Ammann,Roller Parts,AV 85-2,ND093424,BOLT,https://www.urparts.com/index.cfm/page/catalogue?part=135
Ammann,Roller Parts,AV 85-2,ND024258,BOLT,https://www.urparts.com/index.cfm/page/catalogue?part=140
Ammann,Roller Parts,AV 85-2,ND024242,BOLT,https://www.urparts.com/index.cfm/page/catalogue?part=138
Ammann,Roller Parts,AV 85-2,ND110230,BOLT,https://www.urparts.com/index.cfm/page/catalogue?part=137
Ammann,Roller Parts,AV 85-2,ND024248,BOLT,https://www.urparts.com/index.cfm/page/catalogue?part=134
Ammann,Roller Parts,AV 85-2,ND053496,BOLT,https://www.urparts.com/index.cfm/page/catalogue?part=139
Ammann,Roller Parts,AV 85-2,ND034059,BOLT,https://www.urparts.com/index.cfm/page/catalogue?part=141
Ammann,Roller Parts,AV 85-2,ND024272,BOLT,https://www.urparts.com/index.cfm/page/catalogue?part=142
Ammann,Roller Parts,AV 85-2,ND021286,BOLT,https://www.urparts.com/index.cfm/page/catalogue?part=136
Ammann,Roller Parts,AV 85-2,ND062479,BOLT,https://www.urparts.com/index.cfm/page/catalogue?part=143
Ammann,Roller Parts,AV 85-2,ND034051,BOLT,https://www.urparts.com/index.cfm/page/catalogue?part=144
Ammann,Roller Parts,AV 85-2,ND021204,BOLT,https://www.urparts.com/index.cfm/page/catalogue?part=145
Ammann,Roller Parts,AV 85-2,ND024259,BOLT,https://www.urparts.com/index.cfm/page/catalogue?part=146
Ammann,Roller Parts,AV 85-2,ND054246,BOLT,https://www.urparts.com/index.cfm/page/catalogue?part=147
Ammann,Roller Parts,AV 85-2,ND024254,BOLT,https://www.urparts.com/index.cfm/page/catalogue?part=148
Ammann,Roller Parts,AV 85-2,ND062493,BOLT,https://www.urparts.com/index.cfm/page/catalogue?part=149
Ammann,Roller Parts,AV 85-2,ND024271,BOLT,https://www.urparts.com/index.cfm/page/catalogue?part=150
Ammann,Roller Parts,AV 85-2,ND024110,BOLT,https://www.urparts.com/index.cfm/page/catalogue?part=151
Ammann,Roller Parts,AV 85-2,ND024128,BOLT,https://www.urparts.com/index.cfm/page/catalogue?part=153
Ammann,Roller Parts,AV 85-2,ND024097,BOLT,https://www.urparts.com/index.cfm/page/catalogue?part=154
Ammann,Roller Parts,AV 85-2,ND024116,BOLT,https://www.urparts.com/index.cfm/page/catalogue?part=152
Ammann,Roller Parts,AV 85-2,ND024122,BOLT,https://www.urparts.com/index.cfm/page/catalogue?part=155
Ammann,Roller Parts,AV 85-2,ND021285,BOLT,https://www.urparts.com/index.cfm/page/catalogue?part=156
Ammann,Roller Parts,AV 85-2,ND024243,BOLT,https://www.urparts.com/index.cfm/page/catalogue?part=158
Ammann,Roller Parts,AV 85-2,ND023815,BOLT,https://www.urparts.com/index.cfm/page/catalogue?part=157
Ammann,Roller Parts,AV 85-2,ND021197,BOLT,https://www.urparts.com/index.cfm/page/catalogue?part=160
Ammann,Roller Parts,AV 85-2,ND021314,BOLT,https://www.urparts.com/index.cfm/page/catalogue?part=161
Ammann,Roller Parts,AV 85-2,ND021211,BOLT,https://www.urparts.com/index.cfm/page/catalogue?part=162
Ammann,Roller Parts,AV 85-2,ND021304,BOLT,https://www.urparts.com/index.cfm/page/catalogue?part=159
Ammann,Roller Parts,AV 85-2,ND024266,BOLT,https://www.urparts.com/index.cfm/page/catalogue?part=163
Ammann,Roller Parts,AV 85-2,ND024273,BOLT,https://www.urparts.com/index.cfm/page/catalogue?part=164
Ammann,Roller Parts,AV 85-2,ND024292,BOLT,https://www.urparts.com/index.cfm/page/catalogue?part=165
Ammann,Roller Parts,AV 85-2,ND024294,BOLT,https://www.urparts.com/index.cfm/page/catalogue?part=166
Ammann,Roller Parts,AV 85-2,ND023783,BOLT,https://www.urparts.com/index.cfm/page/catalogue?part=167
Ammann,Roller Parts,AV 85-2,ND024112,BOLT,https://www.urparts.com/index.cfm/page/catalogue?part=168
Ammann,Roller Parts,AV 85-2,ND111893,BONNET,https://www.urparts.com/index.cfm/page/catalogue?part=170
Ammann,Roller Parts,AV 85-2,ND048276,BOLT CLAMP,https://www.urparts.com/index.cfm/page/catalogue?part=169
Ammann,Roller Parts,AV 85-2,ND111935,BONNET LEFT,https://www.urparts.com/index.cfm/page/catalogue?part=171
Ammann,Roller Parts,AV 85-2,ND111894,BONNET RIGHT,https://www.urparts.com/index.cfm/page/catalogue?part=174
Ammann,Roller Parts,AV 85-2,ND111892,BONNET LEFT,https://www.urparts.com/index.cfm/page/catalogue?part=172
Ammann,Roller Parts,AV 85-2,ND111957,BONNET RIGHT,https://www.urparts.com/index.cfm/page/catalogue?part=173
Ammann,Roller Parts,AV 85-2,ND111785,BOOT,https://www.urparts.com/index.cfm/page/catalogue?part=175
Ammann,Roller Parts,AV 85-2,ND112488,BOTTOM SHEET,https://www.urparts.com/index.cfm/page/catalogue?part=177
Ammann,Roller Parts,AV 85-2,ND031915,BRACKET,https://www.urparts.com/index.cfm/page/catalogue?part=179
Ammann,Roller Parts,AV 85-2,ND064661,BRANCH PIPE,https://www.urparts.com/index.cfm/page/catalogue?part=183
Ammann,Roller Parts,AV 85-2,ND123632,BRACKET,https://www.urparts.com/index.cfm/page/catalogue?part=180
Ammann,Roller Parts,AV 85-2,ND051659,BRACKET,https://www.urparts.com/index.cfm/page/catalogue?part=181
Ammann,Roller Parts,AV 85-2,ND112277,BRAKE ASSY,https://www.urparts.com/index.cfm/page/catalogue?part=182
Ammann,Roller Parts,AV 85-2,ND117320,BRACKET,https://www.urparts.com/index.cfm/page/catalogue?part=178
Ammann,Roller Parts,AV 85-2,ND111786,BOOT,https://www.urparts.com/index.cfm/page/catalogue?part=176
Ammann,Roller Parts,AV 85-2,ND065129,BULB,https://www.urparts.com/index.cfm/page/catalogue?part=184
Ammann,Roller Parts,AV 85-2,ND066870,BULB 12 V 5 W,https://www.urparts.com/index.cfm/page/catalogue?part=188
Ammann,Roller Parts,AV 85-2,ND065366,"BULB 1,2 W",https://www.urparts.com/index.cfm/page/catalogue?part=185
Ammann,Roller Parts,AV 85-2,ND066876,BULB 12 V 60/55 W,https://www.urparts.com/index.cfm/page/catalogue?part=190
Ammann,Roller Parts,AV 85-2,ND066869,BULB 12 V 2 W,https://www.urparts.com/index.cfm/page/catalogue?part=186
Ammann,Roller Parts,AV 85-2,ND066889,BULB 12 V 21 W,https://www.urparts.com/index.cfm/page/catalogue?part=187
Ammann,Roller Parts,AV 85-2,ND035952,BUSH,https://www.urparts.com/index.cfm/page/catalogue?part=191
Ammann,Roller Parts,AV 85-2,ND035958,BUSH,https://www.urparts.com/index.cfm/page/catalogue?part=192
Ammann,Roller Parts,AV 85-2,ND066875,BULB 12 V 55 W,https://www.urparts.com/index.cfm/page/catalogue?part=189
Ammann,Roller Parts,AV 85-2,ND062046,CAP NUT,https://www.urparts.com/index.cfm/page/catalogue?part=197
Ammann,Roller Parts,AV 85-2,ND035974,BUSH,https://www.urparts.com/index.cfm/page/catalogue?part=193
Ammann,Roller Parts,AV 85-2,ND031411,CARRIER,https://www.urparts.com/index.cfm/page/catalogue?part=198
Ammann,Roller Parts,AV 85-2,ND111890,CABIN WELDMENT,https://www.urparts.com/index.cfm/page/catalogue?part=194
Ammann,Roller Parts,AV 85-2,ND064758,CAP,https://www.urparts.com/index.cfm/page/catalogue?part=196
Ammann,Roller Parts,AV 85-2,ND100155,CABLE,https://www.urparts.com/index.cfm/page/catalogue?part=195
Ammann,Roller Parts,AV 85-2,ND078555,CHAIN LINK,https://www.urparts.com/index.cfm/page/catalogue?part=200
Ammann,Roller Parts,AV 85-2,ND065106,CEILING LAMP,https://www.urparts.com/index.cfm/page/catalogue?part=199
Ammann,Roller Parts,AV 85-2,ND078556,CHAIN LINK,https://www.urparts.com/index.cfm/page/catalogue?part=201
Ammann,Roller Parts,AV 85-2,ND116492,CHANGEOVER SWITCH,https://www.urparts.com/index.cfm/page/catalogue?part=202
Ammann,Roller Parts,AV 85-2,ND053448,CLAMP,https://www.urparts.com/index.cfm/page/catalogue?part=203
Ammann,Roller Parts,AV 85-2,ND052970,CLAMPING,https://www.urparts.com/index.cfm/page/catalogue?part=204
Ammann,Roller Parts,AV 85-2,ND109676,CLEANER ELEMENT,https://www.urparts.com/index.cfm/page/catalogue?part=206
Ammann,Roller Parts,AV 85-2,ND052968,CLAMPING,https://www.urparts.com/index.cfm/page/catalogue?part=205
Ammann,Roller Parts,AV 85-2,ND064786,CLIP,https://www.urparts.com/index.cfm/page/catalogue?part=207
Ammann,Roller Parts,AV 85-2,ND112500,CLIP,https://www.urparts.com/index.cfm/page/catalogue?part=208
Ammann,Roller Parts,AV 85-2,ND062001,CLIP,https://www.urparts.com/index.cfm/page/catalogue?part=209
Ammann,Roller Parts,AV 85-2,ND030756,CLIP,https://www.urparts.com/index.cfm/page/catalogue?part=210
Ammann,Roller Parts,AV 85-2,ND069510,CLIP,https://www.urparts.com/index.cfm/page/catalogue?part=211
Ammann,Roller Parts,AV 85-2,ND069503,CLIP,https://www.urparts.com/index.cfm/page/catalogue?part=212
Ammann,Roller Parts,AV 85-2,ND111986,CLIP,https://www.urparts.com/index.cfm/page/catalogue?part=214
Ammann,Roller Parts,AV 85-2,ND069516,CLIP,https://www.urparts.com/index.cfm/page/catalogue?part=213
Ammann,Roller Parts,AV 85-2,ND064664,CLIP,https://www.urparts.com/index.cfm/page/catalogue?part=216
Ammann,Roller Parts,AV 85-2,ND069521,CLIP,https://www.urparts.com/index.cfm/page/catalogue?part=215
Ammann,Roller Parts,AV 85-2,ND064823,CLIP,https://www.urparts.com/index.cfm/page/catalogue?part=217
Ammann,Roller Parts,AV 85-2,ND031688,CLIP,https://www.urparts.com/index.cfm/page/catalogue?part=218
Ammann,Roller Parts,AV 85-2,ND053521,CLIP,https://www.urparts.com/index.cfm/page/catalogue?part=219
Ammann,Roller Parts,AV 85-2,ND112516,CLIP,https://www.urparts.com/index.cfm/page/catalogue?part=220
Ammann,Roller Parts,AV 85-2,ND122007,CLIP,https://www.urparts.com/index.cfm/page/catalogue?part=221
Ammann,Roller Parts,AV 85-2,ND053421,CLIP 1,https://www.urparts.com/index.cfm/page/catalogue?part=223
Ammann,Roller Parts,AV 85-2,ND122006,CLIP,https://www.urparts.com/index.cfm/page/catalogue?part=222
Ammann,Roller Parts,AV 85-2,ND053424,CLIP 2,https://www.urparts.com/index.cfm/page/catalogue?part=224
Ammann,Roller Parts,AV 85-2,ND107318,CLIP OF HOSE,https://www.urparts.com/index.cfm/page/catalogue?part=225
Ammann,Roller Parts,AV 85-2,ND107319,CLIP OF HOSE,https://www.urparts.com/index.cfm/page/catalogue?part=227
Ammann,Roller Parts,AV 85-2,ND105777,CLIP OF HOSE,https://www.urparts.com/index.cfm/page/catalogue?part=228
Ammann,Roller Parts,AV 85-2,ND105775,CLIP OF HOSE,https://www.urparts.com/index.cfm/page/catalogue?part=229
Ammann,Roller Parts,AV 85-2,ND069478,CLIP RASMUNSEN 1,https://www.urparts.com/index.cfm/page/catalogue?part=230
Ammann,Roller Parts,AV 85-2,ND069477,CLIP RASMUNSEN 2,https://www.urparts.com/index.cfm/page/catalogue?part=231
Ammann,Roller Parts,AV 85-2,ND107320,CLIP OF HOSE,https://www.urparts.com/index.cfm/page/catalogue?part=226
Ammann,Roller Parts,AV 85-2,ND112273,COLUMN,https://www.urparts.com/index.cfm/page/catalogue?part=234
Ammann,Roller Parts,AV 85-2,ND069479,CLIP RASMUNSEN 3,https://www.urparts.com/index.cfm/page/catalogue?part=232
Ammann,Roller Parts,AV 85-2,ND117321,COLLECTOR,https://www.urparts.com/index.cfm/page/catalogue?part=233
Ammann,Roller Parts,AV 85-2,ND069640,COMBINATION PLIERS,https://www.urparts.com/index.cfm/page/catalogue?part=235
Ammann,Roller Parts,AV 85-2,ND062154,CONNECTING PIPE,https://www.urparts.com/index.cfm/page/catalogue?part=237
Ammann,Roller Parts,AV 85-2,ND111891,COMPLETE CABIN,https://www.urparts.com/index.cfm/page/catalogue?part=236
Ammann,Roller Parts,AV 85-2,ND062140,CONNECTING PIPE,https://www.urparts.com/index.cfm/page/catalogue?part=238
Ammann,Roller Parts,AV 85-2,ND069513,CONNECTING PIPE,https://www.urparts.com/index.cfm/page/catalogue?part=239
Ammann,Roller Parts,AV 85-2,ND069512,CONNECTING PIPE,https://www.urparts.com/index.cfm/page/catalogue?part=241
Ammann,Roller Parts,AV 85-2,ND048941,CONNECTING PIPE,https://www.urparts.com/index.cfm/page/catalogue?part=240
Ammann,Roller Parts,AV 85-2,ND069514,CONNECTING PIPE,https://www.urparts.com/index.cfm/page/catalogue?part=243
Ammann,Roller Parts,AV 85-2,ND069515,CONNECTING PIPE,https://www.urparts.com/index.cfm/page/catalogue?part=242
Ammann,Roller Parts,AV 85-2,ND062159,CONNECTING PIPE,https://www.urparts.com/index.cfm/page/catalogue?part=246
Ammann,Roller Parts,AV 85-2,ND062130,CONNECTING PIPE,https://www.urparts.com/index.cfm/page/catalogue?part=247
Ammann,Roller Parts,AV 85-2,ND062158,CONNECTING PIPE,https://www.urparts.com/index.cfm/page/catalogue?part=245
Ammann,Roller Parts,AV 85-2,ND054497,CONNECTING PIPE,https://www.urparts.com/index.cfm/page/catalogue?part=244
Ammann,Roller Parts,AV 85-2,ND111984,CONNECTING PIPE,https://www.urparts.com/index.cfm/page/catalogue?part=248
Ammann,Roller Parts,AV 85-2,ND053018,CONNECTING PIPE,https://www.urparts.com/index.cfm/page/catalogue?part=249
Ammann,Roller Parts,AV 85-2,ND053525,CONNECTING PIPE,https://www.urparts.com/index.cfm/page/catalogue?part=250
Ammann,Roller Parts,AV 85-2,ND062123,CONNECTING PIPE,https://www.urparts.com/index.cfm/page/catalogue?part=251
Ammann,Roller Parts,AV 85-2,ND062155,CONNECTING PIPE,https://www.urparts.com/index.cfm/page/catalogue?part=252
Ammann,Roller Parts,AV 85-2,ND062201,CONNECTING PIPE,https://www.urparts.com/index.cfm/page/catalogue?part=254
Ammann,Roller Parts,AV 85-2,ND062204,CONNECTING PIPE,https://www.urparts.com/index.cfm/page/catalogue?part=253
Ammann,Roller Parts,AV 85-2,ND062187,CONNECTING PIPE,https://www.urparts.com/index.cfm/page/catalogue?part=255
Ammann,Roller Parts,AV 85-2,ND062137,CONNECTING PIPE,https://www.urparts.com/index.cfm/page/catalogue?part=256
Ammann,Roller Parts,AV 85-2,ND062196,CONNECTING PIPE,https://www.urparts.com/index.cfm/page/catalogue?part=257
Ammann,Roller Parts,AV 85-2,ND062153,CONNECTING PIPE,https://www.urparts.com/index.cfm/page/catalogue?part=258
Ammann,Roller Parts,AV 85-2,ND062173,CONNECTING PIPE,https://www.urparts.com/index.cfm/page/catalogue?part=259
Ammann,Roller Parts,AV 85-2,ND062138,CONNECTING PIPE,https://www.urparts.com/index.cfm/page/catalogue?part=260
Ammann,Roller Parts,AV 85-2,ND062125,CONNECTING PIPE,https://www.urparts.com/index.cfm/page/catalogue?part=263
Ammann,Roller Parts,AV 85-2,ND103410,CONNECTING PIPE,https://www.urparts.com/index.cfm/page/catalogue?part=262
Ammann,Roller Parts,AV 85-2,ND062145,CONNECTING PIPE,https://www.urparts.com/index.cfm/page/catalogue?part=264
Ammann,Roller Parts,AV 85-2,ND062135,CONNECTING PIPE,https://www.urparts.com/index.cfm/page/catalogue?part=261
Ammann,Roller Parts,AV 85-2,ND062179,CONNECTING PIPE,https://www.urparts.com/index.cfm/page/catalogue?part=266
Ammann,Roller Parts,AV 85-2,ND062180,CONNECTING PIPE,https://www.urparts.com/index.cfm/page/catalogue?part=265
Ammann,Roller Parts,AV 85-2,ND062181,CONNECTING PIPE,https://www.urparts.com/index.cfm/page/catalogue?part=267
Ammann,Roller Parts,AV 85-2,ND062162,CONNECTING PIPE,https://www.urparts.com/index.cfm/page/catalogue?part=268
Ammann,Roller Parts,AV 85-2,ND062161,CONNECTING PIPE,https://www.urparts.com/index.cfm/page/catalogue?part=270
Ammann,Roller Parts,AV 85-2,ND062205,CONNECTING PIPE,https://www.urparts.com/index.cfm/page/catalogue?part=271
Ammann,Roller Parts,AV 85-2,ND062131,CONNECTING PIPE,https://www.urparts.com/index.cfm/page/catalogue?part=269
Ammann,Roller Parts,AV 85-2,ND062200,CONNECTING PIPE,https://www.urparts.com/index.cfm/page/catalogue?part=272
Ammann,Roller Parts,AV 85-2,ND054843,CONNECTING PIPE,https://www.urparts.com/index.cfm/page/catalogue?part=273
Ammann,Roller Parts,AV 85-2,ND062139,CONNECTING PIPE,https://www.urparts.com/index.cfm/page/catalogue?part=274
Ammann,Roller Parts,AV 85-2,ND069520,CONNECTING PIPE,https://www.urparts.com/index.cfm/page/catalogue?part=275
Ammann,Roller Parts,AV 85-2,ND114780,CONNECTING PIPE,https://www.urparts.com/index.cfm/page/catalogue?part=276
Ammann,Roller Parts,AV 85-2,ND114771,CONNECTING PIPE,https://www.urparts.com/index.cfm/page/catalogue?part=277
Ammann,Roller Parts,AV 85-2,ND118073,CONTACT,https://www.urparts.com/index.cfm/page/catalogue?part=281
Ammann,Roller Parts,AV 85-2,ND120062,CONTACT,https://www.urparts.com/index.cfm/page/catalogue?part=280
Ammann,Roller Parts,AV 85-2,ND112377,CONNECTING PIPE,https://www.urparts.com/index.cfm/page/catalogue?part=278
Ammann,Roller Parts,AV 85-2,ND120063,CONNECTION PIECE,https://www.urparts.com/index.cfm/page/catalogue?part=279
Ammann,Roller Parts,AV 85-2,ND119105,CONTROL CABLE,https://www.urparts.com/index.cfm/page/catalogue?part=283
Ammann,Roller Parts,AV 85-2,ND083547,CONTROL CABLE,https://www.urparts.com/index.cfm/page/catalogue?part=284
Ammann,Roller Parts,AV 85-2,ND078553,CONTROL CABLE HOLDER,https://www.urparts.com/index.cfm/page/catalogue?part=285
Ammann,Roller Parts,AV 85-2,ND091346,CONTACTOR,https://www.urparts.com/index.cfm/page/catalogue?part=282
Ammann,Roller Parts,AV 85-2,ND112527,"CONTROL CABLE,INNER",https://www.urparts.com/index.cfm/page/catalogue?part=286
Ammann,Roller Parts,AV 85-2,ND032027,CONTROL PANEL,https://www.urparts.com/index.cfm/page/catalogue?part=289
Ammann,Roller Parts,AV 85-2,ND103379,CONTROL HEAD,https://www.urparts.com/index.cfm/page/catalogue?part=287
Ammann,Roller Parts,AV 85-2,ND103421,CONTROL HEAD,https://www.urparts.com/index.cfm/page/catalogue?part=288
Ammann,Roller Parts,AV 85-2,ND091317,CONTROL UNIT-TRAVEL,https://www.urparts.com/index.cfm/page/catalogue?part=291
Ammann,Roller Parts,AV 85-2,ND110123,CONTROL UNIT-STEER.,https://www.urparts.com/index.cfm/page/catalogue?part=290
Ammann,Roller Parts,AV 85-2,ND124037,COOLER,https://www.urparts.com/index.cfm/page/catalogue?part=292
Ammann,Roller Parts,AV 85-2,ND064883,COOLING AIR BLOWER,https://www.urparts.com/index.cfm/page/catalogue?part=293
Ammann,Roller Parts,AV 85-2,ND024446,COUNTERSINK SCREN,https://www.urparts.com/index.cfm/page/catalogue?part=294
Ammann,Roller Parts,AV 85-2,ND024393,COUNTERSINK SCREN,https://www.urparts.com/index.cfm/page/catalogue?part=295
Ammann,Roller Parts,AV 85-2,ND024380,COUNTERSINK SCREN,https://www.urparts.com/index.cfm/page/catalogue?part=298
Ammann,Roller Parts,AV 85-2,ND024383,COUNTERSINK SCREN,https://www.urparts.com/index.cfm/page/catalogue?part=299
Ammann,Roller Parts,AV 85-2,ND024381,COUNTERSINK SCREN,https://www.urparts.com/index.cfm/page/catalogue?part=297
Ammann,Roller Parts,AV 85-2,ND024440,COUNTERSINK SCREN,https://www.urparts.com/index.cfm/page/catalogue?part=296
Ammann,Roller Parts,AV 85-2,ND024436,COUNTERSINK SCREN,https://www.urparts.com/index.cfm/page/catalogue?part=300
Ammann,Roller Parts,AV 85-2,ND030441,COUPLING,https://www.urparts.com/index.cfm/page/catalogue?part=301
Ammann,Roller Parts,AV 85-2,ND112506,COUPLING,https://www.urparts.com/index.cfm/page/catalogue?part=302
Ammann,Roller Parts,AV 85-2,ND111887,COUPLING,https://www.urparts.com/index.cfm/page/catalogue?part=303
Ammann,Roller Parts,AV 85-2,ND069511,COUPLING,https://www.urparts.com/index.cfm/page/catalogue?part=304
Ammann,Roller Parts,AV 85-2,ND062317,COUPLING,https://www.urparts.com/index.cfm/page/catalogue?part=307
Ammann,Roller Parts,AV 85-2,ND062425,COUPLING,https://www.urparts.com/index.cfm/page/catalogue?part=306
Ammann,Roller Parts,AV 85-2,ND062309,COUPLING,https://www.urparts.com/index.cfm/page/catalogue?part=305
Ammann,Roller Parts,AV 85-2,ND030443,COVER,https://www.urparts.com/index.cfm/page/catalogue?part=308
Ammann,Roller Parts,AV 85-2,ND112515,COVER,https://www.urparts.com/index.cfm/page/catalogue?part=310
Ammann,Roller Parts,AV 85-2,ND053416,COVER,https://www.urparts.com/index.cfm/page/catalogue?part=309
Ammann,Roller Parts,AV 85-2,ND050710,COVER,https://www.urparts.com/index.cfm/page/catalogue?part=311
Ammann,Roller Parts,AV 85-2,ND050724,COVER,https://www.urparts.com/index.cfm/page/catalogue?part=312
Ammann,Roller Parts,AV 85-2,ND054449,COVER,https://www.urparts.com/index.cfm/page/catalogue?part=313
Ammann,Roller Parts,AV 85-2,ND090690,COVER,https://www.urparts.com/index.cfm/page/catalogue?part=314
Ammann,Roller Parts,AV 85-2,ND078500,COVER,https://www.urparts.com/index.cfm/page/catalogue?part=315
Ammann,Roller Parts,AV 85-2,ND101394,COVER,https://www.urparts.com/index.cfm/page/catalogue?part=317
Ammann,Roller Parts,AV 85-2,ND078516,COVER,https://www.urparts.com/index.cfm/page/catalogue?part=316
Ammann,Roller Parts,AV 85-2,ND078515,COVER,https://www.urparts.com/index.cfm/page/catalogue?part=318
Ammann,Roller Parts,AV 85-2,ND031930,COVER,https://www.urparts.com/index.cfm/page/catalogue?part=320
Ammann,Roller Parts,AV 85-2,ND111987,COVER,https://www.urparts.com/index.cfm/page/catalogue?part=319
Ammann,Roller Parts,AV 85-2,ND111975,COVER,https://www.urparts.com/index.cfm/page/catalogue?part=321
Ammann,Roller Parts,AV 85-2,ND064822,COVER,https://www.urparts.com/index.cfm/page/catalogue?part=322
Ammann,Roller Parts,AV 85-2,ND029903,COVER,https://www.urparts.com/index.cfm/page/catalogue?part=323
Ammann,Roller Parts,AV 85-2,ND054916,COVER,https://www.urparts.com/index.cfm/page/catalogue?part=324
Ammann,Roller Parts,AV 85-2,ND030424,COVER,https://www.urparts.com/index.cfm/page/catalogue?part=325
Ammann,Roller Parts,AV 85-2,ND108055,COVER,https://www.urparts.com/index.cfm/page/catalogue?part=328
Ammann,Roller Parts,AV 85-2,ND062318,COVER,https://www.urparts.com/index.cfm/page/catalogue?part=327
Ammann,Roller Parts,AV 85-2,ND111783,COVER,https://www.urparts.com/index.cfm/page/catalogue?part=329
Ammann,Roller Parts,AV 85-2,ND117964,COVER 1,https://www.urparts.com/index.cfm/page/catalogue?part=331
Ammann,Roller Parts,AV 85-2,ND065391,COVER,https://www.urparts.com/index.cfm/page/catalogue?part=330
Ammann,Roller Parts,AV 85-2,ND117280,COVER FOR CONNECTOR,https://www.urparts.com/index.cfm/page/catalogue?part=333
Ammann,Roller Parts,AV 85-2,ND117965,COVER 2,https://www.urparts.com/index.cfm/page/catalogue?part=332
Ammann,Roller Parts,AV 85-2,ND121012,COVER,https://www.urparts.com/index.cfm/page/catalogue?part=326
Ammann,Roller Parts,AV 85-2,ND031178,CUBE,https://www.urparts.com/index.cfm/page/catalogue?part=335
Ammann,Roller Parts,AV 85-2,ND050716,COVER II.,https://www.urparts.com/index.cfm/page/catalogue?part=334
Ammann,Roller Parts,AV 85-2,ND031708,CUBE,https://www.urparts.com/index.cfm/page/catalogue?part=336
Ammann,Roller Parts,AV 85-2,ND031291,CUBE 1,https://www.urparts.com/index.cfm/page/catalogue?part=338
Ammann,Roller Parts,AV 85-2,ND012002,CUBE,https://www.urparts.com/index.cfm/page/catalogue?part=337
Ammann,Roller Parts,AV 85-2,ND111948,DASHBOARD,https://www.urparts.com/index.cfm/page/catalogue?part=340
Ammann,Roller Parts,AV 85-2,ND018574,CYLINDER,https://www.urparts.com/index.cfm/page/catalogue?part=339
Ammann,Roller Parts,AV 85-2,ND066634,DIODE,https://www.urparts.com/index.cfm/page/catalogue?part=342
Ammann,Roller Parts,AV 85-2,ND117259,DASHBOARD,https://www.urparts.com/index.cfm/page/catalogue?part=341
Ammann,Roller Parts,AV 85-2,ND054283,DIODE HOLDER,https://www.urparts.com/index.cfm/page/catalogue?part=343
Ammann,Roller Parts,AV 85-2,ND030834,DISC,https://www.urparts.com/index.cfm/page/catalogue?part=344
Ammann,Roller Parts,AV 85-2,ND091320,DISPLAY,https://www.urparts.com/index.cfm/page/catalogue?part=345
Ammann,Roller Parts,AV 85-2,ND050708,DISTANCE RING,https://www.urparts.com/index.cfm/page/catalogue?part=346
Ammann,Roller Parts,AV 85-2,ND107181,DOOR GLASS,https://www.urparts.com/index.cfm/page/catalogue?part=348
Ammann,Roller Parts,AV 85-2,ND101386,DOOR HANDLE RIGHT,https://www.urparts.com/index.cfm/page/catalogue?part=350
Ammann,Roller Parts,AV 85-2,ND050706,DISTANCE RING,https://www.urparts.com/index.cfm/page/catalogue?part=347
Ammann,Roller Parts,AV 85-2,ND101385,DOOR HANDLE LEFT,https://www.urparts.com/index.cfm/page/catalogue?part=349
Ammann,Roller Parts,AV 85-2,ND069558,DOUBLE-ENDED WRENCH,https://www.urparts.com/index.cfm/page/catalogue?part=351
Ammann,Roller Parts,AV 85-2,ND069560,DOUBLE-ENDED WRENCH,https://www.urparts.com/index.cfm/page/catalogue?part=352
Ammann,Roller Parts,AV 85-2,ND069562,DOUBLE-ENDED WRENCH,https://www.urparts.com/index.cfm/page/catalogue?part=353
Ammann,Roller Parts,AV 85-2,ND069565,DOUBLE-ENDED WRENCH,https://www.urparts.com/index.cfm/page/catalogue?part=354
Ammann,Roller Parts,AV 85-2,ND069567,DOUBLE-ENDED WRENCH,https://www.urparts.com/index.cfm/page/catalogue?part=355
Ammann,Roller Parts,AV 85-2,ND069568,DOUBLE-ENDED WRENCH,https://www.urparts.com/index.cfm/page/catalogue?part=356
Ammann,Roller Parts,AV 85-2,ND069571,DOUBLE-ENDED WRENCH,https://www.urparts.com/index.cfm/page/catalogue?part=357
Ammann,Roller Parts,AV 85-2,ND069574,DOUBLE-ENDED WRENCH,https://www.urparts.com/index.cfm/page/catalogue?part=358
Ammann,Roller Parts,AV 85-2,ND065221,DRIVE,https://www.urparts.com/index.cfm/page/catalogue?part=360
Ammann,Roller Parts,AV 85-2,ND069576,DOUBLE-ENDED WRENCH,https://www.urparts.com/index.cfm/page/catalogue?part=359
Ammann,Roller Parts,AV 85-2,ND111909,DRUM,https://www.urparts.com/index.cfm/page/catalogue?part=361
Ammann,Roller Parts,AV 85-2,ND116376,DRUM,https://www.urparts.com/index.cfm/page/catalogue?part=363
Ammann,Roller Parts,AV 85-2,ND116375,DRUM,https://www.urparts.com/index.cfm/page/catalogue?part=362
Ammann,Roller Parts,AV 85-2,ND066152,EARTH BAND,https://www.urparts.com/index.cfm/page/catalogue?part=364
Ammann,Roller Parts,AV 85-2,ND112478,EDGE CUTTER,https://www.urparts.com/index.cfm/page/catalogue?part=365
Ammann,Roller Parts,AV 85-2,ND111979,ELBOW,https://www.urparts.com/index.cfm/page/catalogue?part=366
Ammann,Roller Parts,AV 85-2,ND120361,ELBOW,https://www.urparts.com/index.cfm/page/catalogue?part=367
Ammann,Roller Parts,AV 85-2,ND110870,ELBOW,https://www.urparts.com/index.cfm/page/catalogue?part=368
Ammann,Roller Parts,AV 85-2,ND062366,ELBOW,https://www.urparts.com/index.cfm/page/catalogue?part=369
Ammann,Roller Parts,AV 85-2,ND119562,ELBOW REST,https://www.urparts.com/index.cfm/page/catalogue?part=370
Ammann,Roller Parts,AV 85-2,ND118352,ELBOW REST,https://www.urparts.com/index.cfm/page/catalogue?part=371
Ammann,Roller Parts,AV 85-2,ND117316,ENGINE CONTROL,https://www.urparts.com/index.cfm/page/catalogue?part=373
Ammann,Roller Parts,AV 85-2,ND111947,ELECT. INSTALLATION,https://www.urparts.com/index.cfm/page/catalogue?part=372
Ammann,Roller Parts,AV 85-2,ND111922,ENGINE COOLING,https://www.urparts.com/index.cfm/page/catalogue?part=374
Ammann,Roller Parts,AV 85-2,ND112477,ENGINE CUMMINS,https://www.urparts.com/index.cfm/page/catalogue?part=375
Ammann,Roller Parts,AV 85-2,ND111164,ENGINE CUMMINS,https://www.urparts.com/index.cfm/page/catalogue?part=376
Ammann,Roller Parts,AV 85-2,ND096272,EXHAUST COVER,https://www.urparts.com/index.cfm/page/catalogue?part=378
Ammann,Roller Parts,AV 85-2,ND108146,EXCHANGER,https://www.urparts.com/index.cfm/page/catalogue?part=377
Ammann,Roller Parts,AV 85-2,ND112484,EXHAUST PIPE,https://www.urparts.com/index.cfm/page/catalogue?part=380
Ammann,Roller Parts,AV 85-2,ND091325,EXHAUST PIPING,https://www.urparts.com/index.cfm/page/catalogue?part=381
Ammann,Roller Parts,AV 85-2,ND116388,EXHAUST COVER,https://www.urparts.com/index.cfm/page/catalogue?part=379
Ammann,Roller Parts,AV 85-2,ND112942,FAST COUPLING,https://www.urparts.com/index.cfm/page/catalogue?part=382
Ammann,Roller Parts,AV 85-2,ND051038,FEATHER,https://www.urparts.com/index.cfm/page/catalogue?part=383
Ammann,Roller Parts,AV 85-2,ND033789,FEATHER,https://www.urparts.com/index.cfm/page/catalogue?part=384
Ammann,Roller Parts,AV 85-2,ND065570,FILTER,https://www.urparts.com/index.cfm/page/catalogue?part=386
Ammann,Roller Parts,AV 85-2,ND065471,FILLER,https://www.urparts.com/index.cfm/page/catalogue?part=385
Ammann,Roller Parts,AV 85-2,ND108592,FILTER,https://www.urparts.com/index.cfm/page/catalogue?part=387
Ammann,Roller Parts,AV 85-2,ND076359,FILTER,https://www.urparts.com/index.cfm/page/catalogue?part=389
Ammann,Roller Parts,AV 85-2,ND118844,FILTER,https://www.urparts.com/index.cfm/page/catalogue?part=388
Ammann,Roller Parts,AV 85-2,ND112083,FILTER HOLDER,https://www.urparts.com/index.cfm/page/catalogue?part=392
Ammann,Roller Parts,AV 85-2,ND112505,FILTER HOLDER,https://www.urparts.com/index.cfm/page/catalogue?part=391
Ammann,Roller Parts,AV 85-2,ND112510,FILTER HOLDER,https://www.urparts.com/index.cfm/page/catalogue?part=390
Ammann,Roller Parts,AV 85-2,ND032014,FILTER HOLDER,https://www.urparts.com/index.cfm/page/catalogue?part=393
Ammann,Roller Parts,AV 85-2,ND069396,FIRE EXTINGUISHER,https://www.urparts.com/index.cfm/page/catalogue?part=394
Ammann,Roller Parts,AV 85-2,ND111932,FIXED EXCENTRIC,https://www.urparts.com/index.cfm/page/catalogue?part=396
Ammann,Roller Parts,AV 85-2,ND111931,FIXED EXCENTRIC,https://www.urparts.com/index.cfm/page/catalogue?part=395
Ammann,Roller Parts,AV 85-2,ND062076,FLANGE,https://www.urparts.com/index.cfm/page/catalogue?part=400
Ammann,Roller Parts,AV 85-2,ND111888,FLANGE,https://www.urparts.com/index.cfm/page/catalogue?part=398
Ammann,Roller Parts,AV 85-2,ND119070,FLANGE,https://www.urparts.com/index.cfm/page/catalogue?part=399
Ammann,Roller Parts,AV 85-2,ND110818,FLANGE,https://www.urparts.com/index.cfm/page/catalogue?part=397
Ammann,Roller Parts,AV 85-2,ND050714,FLANGE I,https://www.urparts.com/index.cfm/page/catalogue?part=401
Ammann,Roller Parts,AV 85-2,ND050712,FLANGE II,https://www.urparts.com/index.cfm/page/catalogue?part=402
Ammann,Roller Parts,AV 85-2,ND064514,FLAP,https://www.urparts.com/index.cfm/page/catalogue?part=403
Ammann,Roller Parts,AV 85-2,ND031993,FLAP,https://www.urparts.com/index.cfm/page/catalogue?part=404
Ammann,Roller Parts,AV 85-2,ND065140,FLASHER,https://www.urparts.com/index.cfm/page/catalogue?part=405
Ammann,Roller Parts,AV 85-2,ND053051,FLAT IRON,https://www.urparts.com/index.cfm/page/catalogue?part=406
Ammann,Roller Parts,AV 85-2,ND064923,FLOAT,https://www.urparts.com/index.cfm/page/catalogue?part=407
Ammann,Roller Parts,AV 85-2,ND111966,FOAM RUBBER,https://www.urparts.com/index.cfm/page/catalogue?part=408
Ammann,Roller Parts,AV 85-2,ND111982,FOAM RUBBER,https://www.urparts.com/index.cfm/page/catalogue?part=409
Ammann,Roller Parts,AV 85-2,ND111983,FOAM RUBBER,https://www.urparts.com/index.cfm/page/catalogue?part=410
Ammann,Roller Parts,AV 85-2,ND111993,FOAM RUBBER,https://www.urparts.com/index.cfm/page/catalogue?part=411
Ammann,Roller Parts,AV 85-2,ND076191,FOAM RUBBER,https://www.urparts.com/index.cfm/page/catalogue?part=413
Ammann,Roller Parts,AV 85-2,ND111994,FOAM RUBBER,https://www.urparts.com/index.cfm/page/catalogue?part=412
Ammann,Roller Parts,AV 85-2,ND111980,FOAM RUBBER,https://www.urparts.com/index.cfm/page/catalogue?part=414
Ammann,Roller Parts,AV 85-2,ND111981,FOAM RUBBER,https://www.urparts.com/index.cfm/page/catalogue?part=415
Ammann,Roller Parts,AV 85-2,ND111996,FOAM RUBBER,https://www.urparts.com/index.cfm/page/catalogue?part=417
Ammann,Roller Parts,AV 85-2,ND111995,FOAM RUBBER,https://www.urparts.com/index.cfm/page/catalogue?part=416
Ammann,Roller Parts,AV 85-2,ND111997,FOAM RUBBER,https://www.urparts.com/index.cfm/page/catalogue?part=418
Ammann,Roller Parts,AV 85-2,ND119949,FOIL,https://www.urparts.com/index.cfm/page/catalogue?part=419
Ammann,Roller Parts,AV 85-2,ND117225,FORK,https://www.urparts.com/index.cfm/page/catalogue?part=421
Ammann,Roller Parts,AV 85-2,ND052856,FORK,https://www.urparts.com/index.cfm/page/catalogue?part=420
Ammann,Roller Parts,AV 85-2,ND111889,FRAME,https://www.urparts.com/index.cfm/page/catalogue?part=422
Ammann,Roller Parts,AV 85-2,ND052758,FRAME,https://www.urparts.com/index.cfm/page/catalogue?part=424
Ammann,Roller Parts,AV 85-2,ND103935,FRAME,https://www.urparts.com/index.cfm/page/catalogue?part=425
Ammann,Roller Parts,AV 85-2,ND111985,FRAME,https://www.urparts.com/index.cfm/page/catalogue?part=426
Ammann,Roller Parts,AV 85-2,ND031195,FRAME,https://www.urparts.com/index.cfm/page/catalogue?part=427
Ammann,Roller Parts,AV 85-2,ND111914,FRAME,https://www.urparts.com/index.cfm/page/catalogue?part=428
Ammann,Roller Parts,AV 85-2,ND111933,FREE ECCENTRIC,https://www.urparts.com/index.cfm/page/catalogue?part=430
Ammann,Roller Parts,AV 85-2,ND111913,FRAME ROPS,https://www.urparts.com/index.cfm/page/catalogue?part=429
Ammann,Roller Parts,AV 85-2,ND112945,FRONT BAND,https://www.urparts.com/index.cfm/page/catalogue?part=432
Ammann,Roller Parts,AV 85-2,ND111934,FREE ECCENTRIC,https://www.urparts.com/index.cfm/page/catalogue?part=431
Ammann,Roller Parts,AV 85-2,ND095153,FRAME,https://www.urparts.com/index.cfm/page/catalogue?part=423
Ammann,Roller Parts,AV 85-2,ND111938,FRONT COVER,https://www.urparts.com/index.cfm/page/catalogue?part=433
Ammann,Roller Parts,AV 85-2,ND111925,FRONT LEFT BRACKET,https://www.urparts.com/index.cfm/page/catalogue?part=434
Ammann,Roller Parts,AV 85-2,ND112508,FRONT LEFT BRACKET,https://www.urparts.com/index.cfm/page/catalogue?part=435
Ammann,Roller Parts,AV 85-2,ND065103,FRONT LIGHT,https://www.urparts.com/index.cfm/page/catalogue?part=436
Ammann,Roller Parts,AV 85-2,ND112507,FRONT RIGHT BRACKET,https://www.urparts.com/index.cfm/page/catalogue?part=438
Ammann,Roller Parts,AV 85-2,ND111926,FRONT RIGHT BRACKET,https://www.urparts.com/index.cfm/page/catalogue?part=437
Ammann,Roller Parts,AV 85-2,ND115009,FRONT STIRRUP,https://www.urparts.com/index.cfm/page/catalogue?part=439
Ammann,Roller Parts,AV 85-2,ND115030,FRONT STIRRUP,https://www.urparts.com/index.cfm/page/catalogue?part=440
Ammann,Roller Parts,AV 85-2,ND064371,FUEL FILTER,https://www.urparts.com/index.cfm/page/catalogue?part=442
Ammann,Roller Parts,AV 85-2,ND115952,FUEL FILTER,https://www.urparts.com/index.cfm/page/catalogue?part=443
Ammann,Roller Parts,AV 85-2,ND064933,FUEL GAUGE,https://www.urparts.com/index.cfm/page/catalogue?part=444
Ammann,Roller Parts,AV 85-2,ND125877,FUEL TANK,https://www.urparts.com/index.cfm/page/catalogue?part=445
Ammann,Roller Parts,AV 85-2,ND103992,FUSE,https://www.urparts.com/index.cfm/page/catalogue?part=447
Ammann,Roller Parts,AV 85-2,ND048624,FUSE,https://www.urparts.com/index.cfm/page/catalogue?part=446
Ammann,Roller Parts,AV 85-2,ND112387,FRONT TANK,https://www.urparts.com/index.cfm/page/catalogue?part=441
Ammann,Roller Parts,AV 85-2,ND065922,FUSE 10A,https://www.urparts.com/index.cfm/page/catalogue?part=448
Ammann,Roller Parts,AV 85-2,ND065919,FUSE 15A,https://www.urparts.com/index.cfm/page/catalogue?part=449
Ammann,Roller Parts,AV 85-2,ND065923,FUSE 20A,https://www.urparts.com/index.cfm/page/catalogue?part=450
Ammann,Roller Parts,AV 85-2,ND065924,FUSE 25A,https://www.urparts.com/index.cfm/page/catalogue?part=451
Ammann,Roller Parts,AV 85-2,ND065920,FUSE 5A,https://www.urparts.com/index.cfm/page/catalogue?part=452
Ammann,Roller Parts,AV 85-2,ND065918,"FUSE 7,5A",https://www.urparts.com/index.cfm/page/catalogue?part=453
Ammann,Roller Parts,AV 85-2,ND064517,FUSE BOX,https://www.urparts.com/index.cfm/page/catalogue?part=454
Ammann,Roller Parts,AV 85-2,ND111956,GLASS,https://www.urparts.com/index.cfm/page/catalogue?part=457
Ammann,Roller Parts,AV 85-2,ND112499,GLASS,https://www.urparts.com/index.cfm/page/catalogue?part=456
Ammann,Roller Parts,AV 85-2,ND064716,GAS STRUT,https://www.urparts.com/index.cfm/page/catalogue?part=455
Ammann,Roller Parts,AV 85-2,ND117324,GLASS,https://www.urparts.com/index.cfm/page/catalogue?part=458
Ammann,Roller Parts,AV 85-2,ND082403,GLASS,https://www.urparts.com/index.cfm/page/catalogue?part=459
Ammann,Roller Parts,AV 85-2,ND064454,GOVERNOR,https://www.urparts.com/index.cfm/page/catalogue?part=460
Ammann,Roller Parts,AV 85-2,ND064537,GRATE,https://www.urparts.com/index.cfm/page/catalogue?part=461
Ammann,Roller Parts,AV 85-2,ND064524,GRATE,https://www.urparts.com/index.cfm/page/catalogue?part=462
Ammann,Roller Parts,AV 85-2,ND070133,GREASE NIPPLE,https://www.urparts.com/index.cfm/page/catalogue?part=465
Ammann,Roller Parts,AV 85-2,ND070146,GREASE GUN,https://www.urparts.com/index.cfm/page/catalogue?part=464
Ammann,Roller Parts,AV 85-2,ND064525,GRATE,https://www.urparts.com/index.cfm/page/catalogue?part=463
Ammann,Roller Parts,AV 85-2,ND079521,GROMMET,https://www.urparts.com/index.cfm/page/catalogue?part=467
Ammann,Roller Parts,AV 85-2,ND070140,GREASE NIPPLE,https://www.urparts.com/index.cfm/page/catalogue?part=466
Ammann,Roller Parts,AV 85-2,ND079517,GROMMET,https://www.urparts.com/index.cfm/page/catalogue?part=468
Ammann,Roller Parts,AV 85-2,ND031602,GROMMET,https://www.urparts.com/index.cfm/page/catalogue?part=469
Ammann,Roller Parts,AV 85-2,ND119051,GUIDEWAY OF SEAT,https://www.urparts.com/index.cfm/page/catalogue?part=470
Ammann,Roller Parts,AV 85-2,ND078528,HANDLE,https://www.urparts.com/index.cfm/page/catalogue?part=473
Ammann,Roller Parts,AV 85-2,ND067875,HAND PUMP,https://www.urparts.com/index.cfm/page/catalogue?part=472
Ammann,Roller Parts,AV 85-2,ND032418,HARNESS,https://www.urparts.com/index.cfm/page/catalogue?part=474
Ammann,Roller Parts,AV 85-2,ND069642,HAMMER,https://www.urparts.com/index.cfm/page/catalogue?part=471
Ammann,Roller Parts,AV 85-2,ND032387,HARNESS,https://www.urparts.com/index.cfm/page/catalogue?part=475
Ammann,Roller Parts,AV 85-2,ND111944,HARNESS 1,https://www.urparts.com/index.cfm/page/catalogue?part=477
Ammann,Roller Parts,AV 85-2,ND111945,HARNESS 2,https://www.urparts.com/index.cfm/page/catalogue?part=478
Ammann,Roller Parts,AV 85-2,ND111941,HARNESS 3,https://www.urparts.com/index.cfm/page/catalogue?part=479
Ammann,Roller Parts,AV 85-2,ND111942,HARNESS 5,https://www.urparts.com/index.cfm/page/catalogue?part=481
Ammann,Roller Parts,AV 85-2,ND018604,HARNESS 4,https://www.urparts.com/index.cfm/page/catalogue?part=480
Ammann,Roller Parts,AV 85-2,ND117274,HARNESS 6,https://www.urparts.com/index.cfm/page/catalogue?part=482
Ammann,Roller Parts,AV 85-2,ND096371,HARNESS,https://www.urparts.com/index.cfm/page/catalogue?part=476
Ammann,Roller Parts,AV 85-2,ND111970,HARNESS 7,https://www.urparts.com/index.cfm/page/catalogue?part=483
Ammann,Roller Parts,AV 85-2,ND107956,HEAD,https://www.urparts.com/index.cfm/page/catalogue?part=485
Ammann,Roller Parts,AV 85-2,ND120061,HEAD,https://www.urparts.com/index.cfm/page/catalogue?part=484
Ammann,Roller Parts,AV 85-2,ND065125,HEADLIGHT,https://www.urparts.com/index.cfm/page/catalogue?part=486
Ammann,Roller Parts,AV 85-2,ND065422,HEADLIGHT,https://www.urparts.com/index.cfm/page/catalogue?part=487
Ammann,Roller Parts,AV 85-2,ND065133,HEADLIGHT,https://www.urparts.com/index.cfm/page/catalogue?part=488
Ammann,Roller Parts,AV 85-2,ND114738,HEATER CONNECTION,https://www.urparts.com/index.cfm/page/catalogue?part=490
Ammann,Roller Parts,AV 85-2,ND103936,HEATER COVER,https://www.urparts.com/index.cfm/page/catalogue?part=491
Ammann,Roller Parts,AV 85-2,ND103910,HEATER,https://www.urparts.com/index.cfm/page/catalogue?part=489
Ammann,Roller Parts,AV 85-2,ND051779,HINGE,https://www.urparts.com/index.cfm/page/catalogue?part=492
Ammann,Roller Parts,AV 85-2,ND030374,HINGE,https://www.urparts.com/index.cfm/page/catalogue?part=493
Ammann,Roller Parts,AV 85-2,ND096367,HINGE TO WINDOW,https://www.urparts.com/index.cfm/page/catalogue?part=494
Ammann,Roller Parts,AV 85-2,ND114772,HOLDER,https://www.urparts.com/index.cfm/page/catalogue?part=495
Ammann,Roller Parts,AV 85-2,ND090813,HOLDER,https://www.urparts.com/index.cfm/page/catalogue?part=496
Ammann,Roller Parts,AV 85-2,ND078409,HOLDER,https://www.urparts.com/index.cfm/page/catalogue?part=497
Ammann,Roller Parts,AV 85-2,ND119087,HOLDER,https://www.urparts.com/index.cfm/page/catalogue?part=499
Ammann,Roller Parts,AV 85-2,ND054225,HOLDER,https://www.urparts.com/index.cfm/page/catalogue?part=498
Ammann,Roller Parts,AV 85-2,ND119060,HOLDER,https://www.urparts.com/index.cfm/page/catalogue?part=500
